Hobe,Taipei
Panyu,Guangzhou
Wu,Shanghai
Kuaiji,Hangzhou
Huipu,Taizhou
Lya,Fuzhou
Jianye,Nanjing
Linzi,Weifang
Jimo,Qingdao
Penglai,Yantai
Jicheng,Beijing
Chang'an,Xi'An
Luoyang,Zhengzhou
Aodu,Kaifeng
Tongwan,Baotou
Fuping,Yinchuan
Yunnan-fu,Kunming
Bozhou,Zhaotong
Linjiang,Chongqing
Hanyang,Wuhan
Lingxiang,Changsha
Houcheng,Shenyang
Sanshan,Dalian
Liaoyang,Anshan
Alexandrovskoye,Heihe
Hanseong,Seoul
Guizhou,Liuzhou
Thang Long,Hanoi
Yarghol,Turfan
Yumen,Jiuquan
Qara Qorum,Da Kulun
Bayan Tümen,Aleibaqin
Kandarpapura,Shùnhuà
Prey Nokor,Xigòng
Kauthara,Yázhuang